{
  "run_id": "seed42_1773014680_plastic",
  "config": {
    "timestep": 0.0001,
    "total_steps": 50000,
    "warmup_steps": 500,
    "flat_length": 3.0,
    "blocks_length": 15.0,
    "block_size": 1.3,
    "height_range": [
      0.2,
      0.4
    ],
    "hidden_dim": 64,
    "sparsity": 0.8,
    "cpg_freq": 12.0,
    "cpg_amplitude": 1.0,
    "modulation_scale": 0.15,
    "seed": 42,
    "plastic_lr": 1e-05,
    "plastic_decay": 1.0,
    "log_interval": 50,
    "output_dir": "logs/terrain_shift"
  },
  "metrics": {
    "distance_before": 2.8642501831054688,
    "distance_after": 0.5437405109405518,
    "performance_ratio": 0.18983694725682762,
    "gait_symmetry_before": 0.9022142332499904,
    "gait_symmetry_after": 0.9589634526179112,
    "recovery_time_steps": 54,
    "weight_drift": 0.02590453252196312,
    "num_falls": 0,
    "gait_tripod_score_mean": 0.09333333333333334,
    "gait_tripod_score_std": 0.1762573875520305,
    "gait_stride_symmetry": 0.9718849882332159,
    "gait_upright_fraction": 0.0,
    "gait_total_drag_events": 637,
    "gait_total_slip_events": 812,
    "gait_roll_var": 0.13939402997493744,
    "gait_pitch_var": 0.13160598278045654,
    "gait_yaw_var": 0.012941431254148483,
    "gait_step_frequency_hz_LF": 11.71875,
    "gait_step_frequency_hz_LM": 11.71875,
    "gait_step_frequency_hz_LH": 11.71875,
    "gait_step_frequency_hz_RF": 11.71875,
    "gait_step_frequency_hz_RM": 11.71875,
    "gait_step_frequency_hz_RH": 11.71875,
    "gait_step_frequency_mean": 11.71875,
    "gait_stance_duration_ms_LF": 56.42857142857143,
    "gait_stance_duration_ms_LM": 73.33333333333333,
    "gait_stance_duration_ms_LH": 122.17948717948718,
    "gait_stance_duration_ms_RF": 83.9090909090909,
    "gait_stance_duration_ms_RM": 57.57352941176471,
    "gait_stance_duration_ms_RH": 96.875,
    "gait_swing_duration_ms_LF": 8.618421052631579,
    "gait_swing_duration_ms_LM": 10.169491525423728,
    "gait_swing_duration_ms_LH": 6.18421052631579,
    "gait_swing_duration_ms_RF": 7.129629629629629,
    "gait_swing_duration_ms_RM": 16.19402985074627,
    "gait_swing_duration_ms_RH": 7.446808510638298,
    "gait_duty_cycle_LF": 0.869,
    "gait_duty_cycle_LM": 0.88,
    "gait_duty_cycle_LH": 0.953,
    "gait_duty_cycle_RF": 0.923,
    "gait_duty_cycle_RM": 0.783,
    "gait_duty_cycle_RH": 0.93,
    "gait_drag_events_LF": 70,
    "gait_drag_events_LM": 109,
    "gait_drag_events_LH": 159,
    "gait_drag_events_RF": 79,
    "gait_drag_events_RM": 60,
    "gait_drag_events_RH": 160,
    "gait_slip_events_LF": 126,
    "gait_slip_events_LM": 134,
    "gait_slip_events_LH": 140,
    "gait_slip_events_RF": 132,
    "gait_slip_events_RM": 142,
    "gait_slip_events_RH": 138
  },
  "gait": {
    "gait_symmetry_before": 0.9022142332499904,
    "gait_symmetry_after": 0.9589634526179112,
    "gait_tripod_score_mean": 0.09333333333333334,
    "gait_tripod_score_std": 0.1762573875520305,
    "gait_stride_symmetry": 0.9718849882332159,
    "gait_upright_fraction": 0.0,
    "gait_total_drag_events": 637,
    "gait_total_slip_events": 812,
    "gait_roll_var": 0.13939402997493744,
    "gait_pitch_var": 0.13160598278045654,
    "gait_yaw_var": 0.012941431254148483,
    "gait_step_frequency_hz_LF": 11.71875,
    "gait_step_frequency_hz_LM": 11.71875,
    "gait_step_frequency_hz_LH": 11.71875,
    "gait_step_frequency_hz_RF": 11.71875,
    "gait_step_frequency_hz_RM": 11.71875,
    "gait_step_frequency_hz_RH": 11.71875,
    "gait_step_frequency_mean": 11.71875,
    "gait_stance_duration_ms_LF": 56.42857142857143,
    "gait_stance_duration_ms_LM": 73.33333333333333,
    "gait_stance_duration_ms_LH": 122.17948717948718,
    "gait_stance_duration_ms_RF": 83.9090909090909,
    "gait_stance_duration_ms_RM": 57.57352941176471,
    "gait_stance_duration_ms_RH": 96.875,
    "gait_swing_duration_ms_LF": 8.618421052631579,
    "gait_swing_duration_ms_LM": 10.169491525423728,
    "gait_swing_duration_ms_LH": 6.18421052631579,
    "gait_swing_duration_ms_RF": 7.129629629629629,
    "gait_swing_duration_ms_RM": 16.19402985074627,
    "gait_swing_duration_ms_RH": 7.446808510638298,
    "gait_duty_cycle_LF": 0.869,
    "gait_duty_cycle_LM": 0.88,
    "gait_duty_cycle_LH": 0.953,
    "gait_duty_cycle_RF": 0.923,
    "gait_duty_cycle_RM": 0.783,
    "gait_duty_cycle_RH": 0.93,
    "gait_drag_events_LF": 70,
    "gait_drag_events_LM": 109,
    "gait_drag_events_LH": 159,
    "gait_drag_events_RF": 79,
    "gait_drag_events_RM": 60,
    "gait_drag_events_RH": 160,
    "gait_slip_events_LF": 126,
    "gait_slip_events_LM": 134,
    "gait_slip_events_LH": 140,
    "gait_slip_events_RF": 132,
    "gait_slip_events_RM": 142,
    "gait_slip_events_RH": 138
  }
}