{
  "W": [
    [
      0.0,
      0.14833333333333334,
      -6.175
    ],
    [
      4.555,
      0.0,
      -2.1016666666666666
    ],
    [
      0.07166666666666667,
      0.7416666666666667,
      0.0
    ]
  ],
  "neuron_params": {
    "tau_ms": 25.0,
    "theta": 3.0,
    "a": 1.0,
    "R_max": 50.0,
    "exc_mult": 0.01,
    "inh_mult": 0.01,
    "drive_scale": 2.0,
    "drive_target": "E1"
  },
  "neuron_types": [
    "IN17A001",
    "INXXX466",
    "IN16B036"
  ],
  "neuron_roles": [
    "E1 (excitatory)",
    "E2 (excitatory)",
    "I (inhibitory)"
  ],
  "raw_synapse_counts_avg": [
    [
      0.0,
      14.833333333333334,
      617.5
    ],
    [
      455.5,
      0.0,
      210.16666666666666
    ],
    [
      7.166666666666667,
      74.16666666666667,
      0.0
    ]
  ],
  "n_hemi_segments_averaged": 6,
  "per_segment_ids": {
    "T1L": {
      "E1": 800173,
      "E2": 800863,
      "I": 801884
    },
    "T1R": {
      "E1": 800288,
      "E2": 903216,
      "I": 803183
    },
    "T2L": {
      "E1": 800009,
      "E2": 801728,
      "I": 903139
    },
    "T2R": {
      "E1": 818556,
      "E2": 802025,
      "I": 904079
    },
    "T3L": {
      "E1": 800003,
      "E2": 801149,
      "I": 801257
    },
    "T3R": {
      "E1": 800114,
      "E2": 801429,
      "I": 801916
    }
  },
  "source": "MANC v0.9 (male adult CNS)",
  "reference": "Pugliese et al. 2025"
}